number_of_users,NOMA_total_power,OMA_total_power,NOMA_power_efficiency,OMA_power_efficiency
20,-24.88827977747432,-19.964851710547766,167.19276899125705,162.26934092433052
40,-18.93888107342369,-4.912352447357494,164.25367024384624,150.22714161778003
60,-11.635877344737768,15.563015516303375,158.71157910571714,131.512686244676
80,-2.7369208379729275,67.12261807909815,151.0620099650353,81.20247104796421
100,1.0300873711916396,67.72050402257332,148.26410188595128,81.57368523456961
